test_start,test_end,train_sharpe,train_trades,test_return,test_sharpe,test_trades,vote_threshold,donchian_period,roc_min_threshold,k_low_vol,k_high_vol,use_weekly_filter
2006-01-02,2007-01-01,1.4461849958852924,8,0.0048029041150075,0.2718873665775448,6,2,10,0.0,3.0,5.0,False
2007-01-02,2008-01-01,1.5371654931828358,7,0.037312270504735734,1.686262987775382,4,3,20,0.0,3.0,5.0,False
2008-01-02,2009-01-01,1.850542531858207,17,0.012836401666449726,0.5268968670834738,5,2,20,0.0,1.5,2.5,False
2009-01-02,2010-01-01,1.3365890907041686,8,0.0275106322694183,1.2184462663551872,2,2,10,3.0,2.0,3.5,True
2010-01-02,2011-01-01,1.779056206561924,6,0.03526797085117428,1.6910253296409443,1,2,10,0.0,2.0,3.5,True
2011-01-02,2012-01-01,1.2345575687172645,9,-0.014894766328006903,-0.6661802829504749,2,3,20,3.0,2.0,3.5,False
2012-01-02,2013-01-01,1.2103691560390957,9,0.07279741488672742,1.6656293397164625,5,3,10,3.0,1.5,2.5,False
2013-01-02,2014-01-01,1.6066334455512916,7,-0.044886676836483064,-2.5177617428301033,5,3,20,3.0,2.0,3.5,False
2014-01-02,2015-01-01,1.1891111587174268,13,0.030875885613173226,1.1743969054089707,3,2,10,3.0,2.0,3.5,False
2015-01-02,2016-01-01,1.6745108029678168,13,-0.02796496559156858,-1.2091887396642766,4,2,10,3.0,2.0,3.5,False
2016-01-02,2017-01-01,0.26065646097778206,16,0.025610358807620193,0.9370463752481165,6,2,10,0.0,1.5,2.5,False
2017-01-02,2018-01-01,0.5560310641767988,10,0.06906971015561902,2.042787319551188,3,2,10,0.0,3.0,5.0,False
2018-01-02,2019-01-01,0.7829540597430484,9,0.005335905643936822,0.3394311954031759,4,2,10,0.0,3.0,5.0,False
2019-01-02,2020-01-01,1.0987501203489267,17,0.12699019060840766,3.3081466072997747,5,2,10,0.0,1.5,2.5,False
2020-01-02,2021-01-01,1.8797669429758788,9,0.03337043994076394,1.5170539423465166,4,2,10,0.0,3.0,5.0,False
2021-01-02,2022-01-01,1.8025145567083969,9,0.05127434541606979,2.113261947027536,2,2,10,0.0,3.0,5.0,False
2022-01-02,2023-01-01,2.211662664231057,7,-0.0007923381292137543,-0.08403716284102238,2,3,40,0.0,3.0,5.0,False
2023-01-02,2024-01-01,1.3043867592260823,7,0.005877942648372825,0.25863590437742195,4,3,20,0.0,3.0,5.0,False
2024-01-02,2025-01-01,0.9547729182527124,10,0.007767204524343763,0.4383284678001293,3,2,20,0.0,3.0,5.0,False
2025-01-02,2025-12-31,0.6960823191335331,9,-0.037262234584749976,-1.5909477651007826,5,3,40,3.0,1.5,2.5,False
