,Walk-forward (OOS),"Walk-forward, no costs",In-sample (hindsight),Buy & Hold
total_return,0.4947668962210645,0.5170006123968152,0.5101771219270297,120.2669927843477
cagr,0.020310273781956933,0.021064097048046015,0.02083387239037826,0.27124698317637663
volatility,0.02488906400086786,0.024900947601650666,0.022651458016638527,0.317681600028386
sharpe,0.821600524492082,0.8509285928067081,0.9230930432502054,0.915865570603582
sortino,1.2312369730830253,1.278453131525705,1.4520629168563617,1.3504773657569524
max_drawdown,-0.07873218389116055,-0.0759883507738669,-0.05990718424555497,-0.6086675450532117
calmar,0.2579665999108303,0.27720166095893417,0.34776918082114844,0.4456406216839824
trades,75.0,75.0,53.0,
win_rate,0.5066666666666667,0.5066666666666667,0.5283018867924528,
avg_win,0.12586982318989684,0.12693328983481425,0.13662082569648248,
avg_loss,-0.05701695740812445,-0.056044979898073485,-0.05690249010674608,
payoff_ratio,2.207585758898482,2.26484673677575,2.400963919859904,
profit_factor,2.5981608263206013,2.6969661969227823,3.7390779458103154,
avg_bars_held,26.173333333333332,26.173333333333332,37.22641509433962,
time_in_market,0.39018087855297157,0.39018087855297157,0.3921685549592526,1.0
total_costs,147.94003173671132,0.0,98.40255922600622,
