,Full strategy,No regime filter,No ensemble (Donchian only),No weekly filter,No crash filter,Simple exit (no trailing stop)
total_return,0.3181969465209651,0.25023673896342014,0.3324003260053674,0.5611220195948818,0.2537716757573194,0.24785660575480928
cagr,0.013914840365714998,0.011233865243455154,0.014458526661004667,0.02252942901130872,0.01137669109504591,0.011137481890098
volatility,0.020926379790368894,0.022783885695655055,0.021401646879518947,0.02876835316337435,0.022949897936412368,0.028613420852468405
sharpe,0.6718759074323357,0.5024897322991726,0.6825158153898139,0.7900500242434619,0.5051792926232851,0.4020193667236139
sortino,1.0306633493002817,0.72528378694191,1.0459936177404092,1.2626319518844216,0.7469215167829523,0.5737224720093487
max_drawdown,-0.06280870304009611,-0.07965729760511386,-0.06178474322785099,-0.07157791597776797,-0.07031668950494285,-0.08621040321809137
calmar,0.22154318895634537,0.1410274460871738,0.23401451403114565,0.3147539112246065,0.16179218867017617,0.12918953483981369
trades,33.0,52.0,33.0,62.0,35.0,30.0
win_rate,0.5757575757575758,0.4423076923076923,0.6060606060606061,0.46774193548387094,0.5428571428571428,0.5
avg_win,0.08442717051147844,0.11037185118785754,0.08411623288970345,0.10272203891281395,0.07818104676596568,0.11933592162603865
avg_loss,-0.02850658656936357,-0.041752334086198106,-0.03214884340454553,-0.04335263679338269,-0.029312755745550118,-0.053604323591369844
payoff_ratio,2.9616723947655488,2.643489366606278,2.6164621797190453,2.369453083151181,2.667133975550358,2.2262368710357427
profit_factor,3.5345689755902905,1.8401454031165487,3.383272687092248,2.7254367463013023,2.8674565339372915,2.0876041902852247
avg_bars_held,18.848484848484848,18.48076923076923,18.696969696969695,21.677419354838708,21.085714285714285,32.766666666666666
time_in_market,0.12363347247068178,0.19101570264360962,0.12263963426754125,0.2671437090041741,0.14669051878354203,0.19538859073742795
total_costs,102.46119402170768,143.34052419169234,104.04985801547659,189.9981714221944,100.63975567547622,90.8642928293193
sharpe_change,0.0,-0.16938617513316312,0.010639907957478156,0.11817411681112622,-0.16669661480905063,-0.26985654070872184
