entry_date,entry_price,exit_date,exit_price,shares,pnl,return_pct,costs,exit_reason,entry_regime,k,entry_atr
2006-01-09,2.2949657850670127,2006-01-11,2.5076229155391143,920,193.4353692320547,9.161610926398152,2.2091908022788185,crash_filter,trending_low_vol,2.0,0.05432516449288256
2006-02-23,2.14721269437275,2006-03-22,1.8591824209300882,326,-94.55091154610213,-13.507440215885957,0.6530424037943627,trailing_stop,trending_high_vol,3.5,0.08907932180416213
2006-03-31,1.8917845649708227,2006-04-04,1.857388278906228,700,-25.389610740573307,-1.9172834559569794,1.3122104953569678,crash_filter,trending_low_vol,2.0,0.07208830869715209
2006-04-28,2.0751302679430426,2006-05-19,1.8920831304364274,413,-76.41769735699742,-8.916584518292206,0.8192295667653606,trailing_stop,ranging_high_vol,3.5,0.06962425180280321
2006-06-22,1.74073989484009,2006-07-10,1.6659666239817126,802,-61.33425254246628,-4.393340116147207,1.3660893140475427,trailing_stop,trending_low_vol,2.0,0.062313434583144846
2006-08-09,1.956987607228454,2006-12-14,2.6634525787743137,375,264.0580317948219,35.98156415768539,0.866332534875519,crash_filter,trending_high_vol,3.5,0.07562312018306078
2007-02-16,2.5497960006340605,2007-02-28,2.4824995462094672,1115,-77.84105145078681,-2.7379681425751197,2.8055047673652664,trailing_stop,ranging_low_vol,1.5,0.0597691011119109
2007-03-07,2.633542888375033,2007-04-16,2.708915189566274,539,39.18587789007374,2.7605805272124853,1.4397924520051824,trailing_stop,ranging_high_vol,2.5,0.07352704919762623
2007-04-26,3.0382208348407116,2007-05-31,3.5912501824924785,1104,606.8849318059828,18.093306643126912,3.6594680015679213,crash_filter,ranging_low_vol,1.5,0.06013382354915631
2007-07-06,3.981868567597983,2007-07-25,4.108086845647987,388,47.40324053323203,3.0682404069675555,1.5694513501697183,trailing_stop,trending_high_vol,2.5,0.10891880676992059
2007-07-26,4.36411274957787,2007-08-01,3.997124970108747,370,-137.3323073817177,-8.505013954207964,1.5468289781420244,trailing_stop,trending_high_vol,2.5,0.11450893144876179
2007-08-24,3.904104808937737,2007-10-29,5.5467399080741,253,414.3911482247978,41.95352729845165,1.1955318567019975,crash_filter,trending_high_vol,2.5,0.16528899422852295
2007-12-07,5.698982508163096,2007-12-31,5.924500465393066,209,45.91859909032728,3.8551831915344614,1.2146539707366188,end_of_data,ranging_high_vol,2.5,0.2078655253476203
2008-03-26,4.213368873120783,2008-04-14,4.389835731828293,384,66.11145845953362,4.086166238692391,1.6518152841502225,trailing_stop,trending_low_vol,1.5,0.17350511134117602
2008-04-21,4.851641089115521,2008-05-22,5.361600398892378,420,212.03812939379824,10.405812791170217,2.144780712481659,trailing_stop,trending_low_vol,1.5,0.15962381214677085
2008-10-14,3.477293941110737,2008-10-28,2.8542757487329387,133,-83.28246897062176,-18.007795366954248,0.42104938437460443,trailing_stop,trending_high_vol,2.5,0.30853429550656436
2009-02-09,2.990963256820581,2009-02-18,2.842910809271117,441,-66.57749860088684,-5.04751719160173,1.2863692315732194,trailing_stop,ranging_low_vol,2.0,0.1133469014938403
2009-03-13,2.8802986823565084,2009-05-13,3.6851652290468744,386,309.4113524875804,27.829885131178507,1.267134534900853,trailing_stop,ranging_low_vol,2.0,0.1283856444679299
2009-05-29,4.049464093408959,2009-06-15,4.068007812811795,418,6.05472308198538,0.35770124430296896,1.6965516284001376,trailing_stop,trending_low_vol,2.0,0.1223683140155672
2009-07-02,4.224735128893582,2009-08-18,4.8342941205397665,495,299.4895911256266,14.321122119197078,2.242109739234754,trailing_stop,ranging_low_vol,2.0,0.10343013046450376
2009-09-16,5.323615604367971,2009-10-21,5.967570997615962,535,341.49574297164435,11.990155702137326,3.020392416030702,crash_filter,ranging_low_vol,2.0,0.09855351058561283
2009-11-16,6.14582844440635,2009-12-08,5.6636873887367365,227,-110.78639968406397,-7.941090741483057,1.3403800470617404,trailing_stop,ranging_high_vol,3.5,0.13662888902216863
2009-12-28,6.332466482642013,2009-12-31,6.302855491638184,235,-8.44323321787777,-0.5673721620075467,1.4846503319779232,end_of_data,ranging_high_vol,3.5,0.13083900406743482
2010-01-05,6.418608106236527,2010-01-25,6.056998260755768,227,-83.50141624678587,-5.73095665876286,1.4159813226536255,trailing_stop,ranging_high_vol,3.5,0.12533649499718763
2010-03-04,6.259486913688599,2010-04-22,7.723866666728538,367,534.861423983651,23.28286801051747,2.5659453820065448,crash_filter,ranging_low_vol,2.0,0.1348090956029909
2010-06-21,8.305604633026528,2010-06-30,7.678101931217242,222,-141.07979123029256,-7.651394247258267,1.7741914286310585,trailing_stop,ranging_low_vol,2.0,0.23526428258280752
2010-09-14,7.962239538511811,2010-10-05,8.434514240573153,323,149.896653030491,5.828464754509724,2.648075735322222,trailing_stop,ranging_low_vol,2.0,0.1591905759459222
2010-10-13,8.978868287730736,2010-10-29,9.099410505021323,293,32.67040182300401,1.241838885715432,2.6484678431381763,trailing_stop,ranging_low_vol,2.0,0.1782848077778742
2010-12-07,9.684741772497139,2010-12-31,9.647651672363281,306,-14.307426838024107,-0.4827831030979793,2.957856197063644,end_of_data,ranging_low_vol,2.0,0.17092112093856074
2011-01-05,9.856719348937547,2011-01-20,10.06249734764784,428,83.81027107493594,1.9866487360534115,4.262712373069273,trailing_stop,ranging_low_vol,2.0,0.11673749615751443
2011-02-08,10.578444029102519,2011-02-23,10.132484892471762,164,-74.83559457901319,-4.313626841869842,1.698296171569091,trailing_stop,ranging_high_vol,3.5,0.17527529673467923
2011-04-21,10.617915671360713,2011-05-16,10.145345424716472,258,-124.60158431560795,-4.54846216659006,2.6784606813939567,trailing_stop,trending_low_vol,2.0,0.19395713652637
2011-06-01,10.4345749127276,2011-06-08,9.923419708774727,296,-154.31492357403272,-4.996218874500822,3.0129832039823445,trailing_stop,ranging_low_vol,2.0,0.1665333566795732
2011-06-27,9.798096044279607,2011-08-08,10.818014701333627,127,128.2205464135142,10.304150899507176,1.3091230323464405,trailing_stop,ranging_high_vol,3.5,0.21805989685732596
2011-09-20,12.419975435964645,2011-09-30,11.578617689643547,170,-145.0706972902633,-6.870843241870088,2.0398804156766963,trailing_stop,ranging_low_vol,2.0,0.2890714186001591
2011-12-22,11.874121099189399,2011-12-30,12.113402366638184,214,48.639526223196434,1.9141417189301468,2.5666650108435514,end_of_data,ranging_low_vol,2.0,0.22611737927575792
2012-01-04,12.262948009649527,2012-01-23,12.641903493456793,335,122.77852444866372,2.9887026983015574,4.171562626770308,trailing_stop,ranging_low_vol,1.5,0.19866896166971518
2012-01-26,13.410280161892766,2012-03-07,16.05549029154708,278,731.2726739508713,19.615378744304486,4.0957420930281385,trailing_stop,trending_low_vol,1.5,0.24193918123233643
2012-03-14,17.289257770402482,2012-04-02,18.000514302252665,221,153.28817372486188,4.011806955653411,3.8995198140283938,trailing_stop,trending_low_vol,1.5,0.326762888043246
2012-05-24,17.224062225976414,2012-07-26,17.340407935788928,85,8.420395352188628,0.5751458246721186,1.4689899818750272,trailing_stop,trending_high_vol,2.5,0.512809722188255
2012-08-07,18.626822585376047,2012-09-11,19.978604426785626,202,269.1607838365067,7.153550326665109,3.8991481282283296,trailing_stop,ranging_low_vol,1.5,0.36274997853474533
2013-02-08,14.38642616254533,2013-02-22,13.63523376345255,86,-65.80747769879697,-5.318925078474073,1.204931376817909,trailing_stop,trending_high_vol,2.5,0.4611343564827288
2013-03-26,14.126619622445599,2013-04-01,13.41215438613934,202,-147.10339390873133,-5.155052254351557,2.7814161748670787,trailing_stop,trending_low_vol,1.5,0.326475078240686
2013-05-01,13.48985433117191,2013-05-15,13.417217534950463,176,-15.151898459193466,-0.6381857805207994,2.367822324218769,trailing_stop,trending_low_vol,1.5,0.3691677478038662
2013-07-30,13.747182780662794,2013-08-28,14.946314168493176,234,277.2396056092582,8.618381367725455,3.3571391430512483,trailing_stop,ranging_low_vol,1.5,0.27804270532652
2013-10-16,15.401164552213489,2013-10-30,15.97994429204026,224,126.13197753064036,3.656146803026762,3.5146841905564203,trailing_stop,ranging_low_vol,1.5,0.2988878283697404
2013-11-29,16.99722410711957,2013-12-19,16.997845907415364,261,-4.274066759694849,-0.09634358297726547,4.436356636896809,trailing_stop,ranging_low_vol,1.5,0.25900567049150636
2014-03-26,17.006858170298297,2014-04-07,16.431161019495637,209,-123.8149775230896,-3.4833956658272465,3.4942730053334663,trailing_stop,ranging_low_vol,2.0,0.23871592683416012
2014-04-28,17.82465184515796,2014-07-08,21.08753665631305,91,295.1520132382962,18.196308938204737,1.770504576816931,crash_filter,ranging_high_vol,3.5,0.308189570716762
2014-08-19,21.883660310216605,2014-09-04,21.760375881415044,160,-23.217031503580344,-0.6630812434500857,3.491522895330532,trailing_stop,ranging_low_vol,2.0,0.3161832307515138
2014-10-29,23.477431733716696,2014-12-02,25.09369593723916,117,186.26150084337758,6.7808892290407385,2.8414109687509175,trailing_stop,ranging_low_vol,2.0,0.43360385766081433
2015-02-12,27.980590658051856,2015-03-11,27.68981862072228,47,-14.974540372541197,-1.1386723241929753,1.3082546180511923,trailing_stop,ranging_high_vol,3.5,0.6051716087499843
2015-04-28,29.845073414042368,2015-04-30,28.55325112227763,105,-138.70725267345432,-4.426263040825177,3.0659120381568004,trailing_stop,ranging_low_vol,2.0,0.47395041412513617
2015-11-04,27.568621294076515,2015-11-11,26.16660041031104,82,-117.16885655864871,-5.183024857774382,2.20314408987989,trailing_stop,ranging_low_vol,2.0,0.5942097235851375
2016-03-17,23.855644211176386,2016-04-19,24.389186509241224,109,55.52676721480452,2.1354270636965866,2.6293432742627596,trailing_stop,ranging_low_vol,2.0,0.45600533240122093
2016-07-19,22.645266596106108,2016-07-27,23.716574596421108,155,162.4596973564041,4.628459882644806,3.59304269242086,trailing_stop,ranging_low_vol,2.0,0.3230345296506691
2016-08-02,24.121439391570046,2016-09-12,23.47458241005094,72,-48.28715945423409,-2.780327415511938,1.7134567848583555,trailing_stop,ranging_high_vol,3.5,0.40331377801267015
2016-09-16,26.326291993437565,2016-10-28,26.040433412078734,104,-32.452362182405224,-1.1852863446905944,2.7230697210868477,trailing_stop,ranging_low_vol,2.0,0.48526940129403734
2017-01-10,27.30044022223815,2017-04-12,32.68926110490339,146,782.3886006722431,19.629082858658524,4.379248196881332,trailing_stop,ranging_low_vol,2.0,0.3408598850380932
2017-04-26,33.35181205494892,2017-05-02,34.060544793553,160,108.00424962877216,2.0239576760257676,5.3929885478801545,crash_filter,trending_low_vol,2.0,0.3362381002879832
2017-06-05,35.77743475102646,2017-06-12,33.78387455154509,72,-146.04054149755137,-5.669330035112326,2.504207134892576,trailing_stop,ranging_high_vol,3.5,0.42906927220114444
2017-07-13,33.72823252795388,2017-08-01,34.56274481947954,101,80.83704708804652,2.372987680835643,3.4486943560453875,trailing_stop,ranging_low_vol,2.0,0.5287996277815836
2017-08-03,36.405645382650995,2017-09-22,35.2663098199218,47,-55.23306239553257,-3.227992603835297,1.6842909472604606,trailing_stop,ranging_high_vol,3.5,0.650780318590227
2017-10-09,36.26003224743813,2017-10-20,36.44620593110323,101,15.131877022158381,0.4131837598859575,3.671665028016339,trailing_stop,ranging_low_vol,2.0,0.5308342720403483
2017-10-23,36.51136939218465,2017-11-16,39.98012620413837,104,356.7731506721786,9.395733770779556,3.9775577710087973,trailing_stop,ranging_low_vol,2.0,0.5140305718316028
2017-12-18,40.84428942929417,2017-12-27,39.727902710632755,94,-108.72724458474976,-2.831908281165485,3.7868930305765653,trailing_stop,ranging_low_vol,2.0,0.5913884142164951
2018-01-10,40.442592553157525,2018-01-26,40.17167575067756,63,-19.607108007808705,-0.7695449697563607,2.5393494515708053,trailing_stop,ranging_low_vol,3.0,0.5271323310330369
2018-02-15,39.81717442105685,2018-03-26,39.413829131964945,19,-8.41625502649985,-1.1124867530383034,0.752694533753707,trailing_stop,trending_high_vol,5.0,1.0240467077251316
2018-04-13,40.987384554324436,2018-09-12,53.13943780306241,20,242.09979675118555,29.53345271766584,0.9412682235738684,crash_filter,ranging_high_vol,5.0,0.9532063710240107
2018-10-03,54.346615881992015,2018-10-11,50.67783525382728,34,-126.52395702690984,-6.847331325676359,1.785415669308928,trailing_stop,trending_low_vol,3.0,0.9855073797101742
2018-12-14,40.06356413527948,2018-12-31,37.394248962402344,14,-37.91261711196365,-6.75936886264521,0.5422046916837728,end_of_data,trending_high_vol,5.0,1.3880385141507863
2019-01-10,36.15204965068982,2019-05-02,49.95855246647943,13,178.92481769150336,38.07100191473765,0.5597189137616001,crash_filter,trending_high_vol,5.0,1.4406853323663598
2019-06-07,44.575153373485605,2019-08-06,46.91731792774056,17,39.03911141627385,5.151790055242547,0.7776860060604225,trailing_stop,trending_high_vol,5.0,1.1578571511591769
2019-08-20,50.590983470819914,2019-12-31,70.65936279296875,15,300.11631223525416,39.54806326419233,0.909377596978415,end_of_data,ranging_high_vol,5.0,1.2872339873447793
2020-01-03,71.5015494021164,2020-01-28,75.21917734131473,30,109.32802727479864,5.0967672816873995,2.200810901151467,crash_filter,trending_low_vol,3.0,1.1007862323806579
2020-03-31,61.64957210604245,2020-08-03,104.67197372398552,5,214.69620422514026,69.65050912465207,0.41580386457506996,crash_filter,trending_high_vol,5.0,3.8991685583363824
2020-08-21,115.58178541828921,2020-09-04,116.36438135713807,12,7.9994742655337205,0.5767542463967333,1.3916770006525638,trailing_stop,trending_low_vol,3.0,2.789428717346203
2020-10-02,109.40598189219943,2020-12-31,128.81674194335938,4,77.16659475696865,17.633084001065615,0.47644544767111763,end_of_data,ranging_high_vol,5.0,4.366124995283224
2021-01-25,138.89378406433565,2021-02-18,125.61604564080127,9,-120.68994004548247,-9.654854915735774,1.1902942336731162,trailing_stop,ranging_low_vol,3.0,3.6717490082512105
2021-06-08,123.29725429760116,2021-09-13,146.92017826380882,14,328.82941349897743,19.049747201372945,1.89152202792987,trailing_stop,ranging_low_vol,3.0,2.2407011533762753
2021-10-18,139.91697189226727,2021-12-31,173.44947814941406,12,400.5098763855114,23.854020409921777,1.8801987002500882,end_of_data,trending_low_vol,3.0,2.670378593714113
2022-01-04,178.39199939810527,2022-01-24,156.30670516297684,5,-111.26321793704486,-12.474014340603505,0.8367467614027053,trailing_stop,trending_high_vol,5.0,3.9804949659259603
2022-02-01,169.9720379540269,2022-03-14,148.12399948025242,3,-66.02125947747481,-12.947474630176501,0.47714405615141897,trailing_stop,trending_high_vol,5.0,5.044896956911247
2022-03-21,159.9191797677464,2022-04-27,152.48608239761126,4,-30.35720000487135,-4.745709684254208,0.6248105243307154,trailing_stop,trending_high_vol,5.0,4.813274443297521
2022-05-27,142.40601366145458,2022-09-01,153.63828680423725,3,33.252752977649486,7.783555418453535,0.44406645069853773,trailing_stop,trending_high_vol,5.0,5.749289171991869
2022-10-14,141.54453406151188,2022-11-04,139.59827074317496,7,-14.607843045174828,-1.474330841933022,0.983999816816404,trailing_stop,trending_low_vol,3.0,4.609785921343404
2022-11-11,143.26290944606035,2022-12-29,125.74553370652504,3,-52.95563988333481,-12.321318915945707,0.40351266472887803,trailing_stop,ranging_high_vol,5.0,5.670939489484348
2023-01-25,138.41932337339787,2023-05-08,169.71408033203093,8,249.12552205424277,22.497357664995725,1.2325336148217154,crash_filter,ranging_low_vol,3.0,3.790960964791647
2023-06-02,178.37335293714096,2023-08-07,179.45719031331873,13,11.763987359183007,0.507319108853347,2.3258985311279883,crash_filter,trending_low_vol,3.0,2.6235110403815853
2023-11-03,171.91482054448556,2023-12-29,190.2110137939453,10,181.15130332290533,10.53727088503284,1.8106291716921543,end_of_data,ranging_low_vol,3.0,3.275731461373066
2024-05-06,180.38357075386185,2024-07-26,216.6349499920164,6,216.3172198666897,19.986781405373502,1.1910555622376349,trailing_stop,ranging_high_vol,3.5,4.180958099034338
2024-09-23,225.4540253555904,2024-10-08,222.43925780658088,9,-29.148427715315446,-1.4365297694208135,2.015519774229771,trailing_stop,ranging_low_vol,2.0,5.138480413265122
2024-10-16,229.67867825777722,2024-11-01,219.13689753624155,11,-118.42807360375951,-4.687500202935413,2.468485666867103,trailing_stop,ranging_low_vol,2.0,4.478656391607307
2024-11-27,232.78070364946953,2024-12-31,248.6157989501953,13,202.72716164253737,6.699179444404728,3.1290772668978217,end_of_data,ranging_low_vol,2.0,3.7943036263212933
2025-02-19,243.16435439309654,2025-03-11,222.44182022291236,6,-125.73202354495317,-8.617766904937083,1.3968185238480268,trailing_stop,ranging_high_vol,2.5,5.852874716092345
2025-07-03,211.12959751601144,2025-07-31,207.48719786288635,14,-53.92391271140363,-1.8243335354828416,2.930317567652285,trailing_stop,ranging_low_vol,1.5,4.559605129083812
2025-08-08,219.76784743364436,2025-08-22,225.33760837029214,13,69.51370671369558,2.433116705281615,2.8931854627255875,trailing_stop,ranging_low_vol,1.5,4.931180125386252
2025-09-05,239.1167179897741,2025-09-11,226.04500979013486,14,-186.2600468894086,-5.563930943589711,3.2561320944593626,trailing_stop,trending_low_vol,1.5,4.551725662072816
2025-09-22,247.38616206443075,2025-10-13,248.46219085423505,13,10.76535997348454,0.3347416874227945,3.2230142939713273,trailing_stop,ranging_low_vol,1.5,4.804177619382121
2025-10-28,267.9999758056659,2025-11-18,269.25705465795,12,11.861404044627623,0.3688247859279861,3.2235421827816957,trailing_stop,trending_low_vol,1.5,5.234413384557617
2025-12-01,277.2553332443013,2025-12-09,277.40493251311347,11,-1.4050395047320956,-0.04606975908160624,3.0506314616657813,trailing_stop,trending_low_vol,1.5,5.427416229825765
