,Gate ADX 25 (current),Stop width only,Gate ADX 20
median_sharpe,0.33490671101977393,0.36547262267263037,0.3293630710675312
mean_sharpe,0.32052308979191024,0.37164904528932113,0.27993531558860807
median_diff_vs_current,0.0,0.11387329215615188,-0.010269924060877345
beats_current_on,,13.0,9.0
best_variant_on,5.0,12.0,1.0
beats_buy_hold_on,3.0,1.0,1.0
median_calmar,0.11434433483207274,0.09732080491513781,0.10828122707152671
median_cagr,0.00758389517414193,0.010123426488045983,0.008877944728605702
median_max_drawdown,-0.07225203749225617,-0.10368757432165576,-0.09156320495944642
median_trades,61.0,103.0,81.0
median_time_in_market,0.3597694295368714,0.5404492148678195,0.4214062926533597
median_train_sharpe,0.6680849623700027,0.836909016843546,0.7121478368811263
median_test_sharpe,0.2719208693770403,0.3313805898063146,0.29938862986063336
