ticker,Gate ADX 25 (current),Stop width only,Gate ADX 20,Buy & hold,best_variant
SPY,0.32069592337957303,0.36859263175531626,0.33991189820869444,0.6278340393110905,Stop width only
QQQ,0.4324590665535661,0.393373378183755,0.3561484714582768,0.7610928621313955,Gate ADX 25 (current)
IWM,-0.08276817293248453,0.09958673306466945,-0.2663430778625116,0.4405411153601728,Stop width only
AAPL,0.8100367471624711,1.0721908828223952,0.9065464449213089,0.915865570603582,Stop width only
MSFT,0.2986615882099936,0.32834834780866073,0.46355304993501256,0.7302382396177871,Gate ADX 20
AMZN,0.381833824747357,0.6738057588366361,0.318814243926368,0.7927471033354327,Stop width only
NVDA,0.6524853886993508,0.7754096475760957,0.6859904976375943,0.9041762724929643,Stop width only
GOOGL,0.3459910590284031,0.5297502364086604,0.306235236077527,0.782821321787895,Stop width only
GE,-0.1304322790981072,0.204451549360751,0.16056600660096834,0.3291216536608403,Stop width only
INTC,0.42409443414218373,-0.046182097964679966,0.344476482420059,0.3051245336652752,Gate ADX 25 (current)
XOM,0.1450586269659952,-0.05573521363278953,-0.12030414540941299,0.39691306468181037,Gate ADX 25 (current)
JNJ,0.7274850109392315,0.39862942326802936,0.5498890771534453,0.6039080521035999,Gate ADX 25 (current)
KO,0.32382236301114475,0.37580979780718027,0.3670502867965636,0.5934419107888868,Stop width only
PFE,0.3946131198192127,0.30207085181933585,0.03675006188073628,0.3201324487787746,Gate ADX 25 (current)
IBM,0.2531679824167287,0.36235261358994447,0.285521709133997,0.5330970649393298,Stop width only
C,-0.09738611375567657,0.07449677720345621,-0.4288517913392221,0.14349801747608212,Stop width only
WMT,0.422779350363321,0.5673518475591559,0.5456921850398412,0.6833387923398787,Stop width only
JPM,0.14681769660212085,0.26537964974120887,0.18718904401569958,0.5372183106327132,Stop width only
