,Regime stop width,Fixed stop width
median_sharpe,0.36547262267263037,0.3104003788785593
mean_sharpe,0.37164904528932113,0.3969450775853445
median_diff_vs_baseline,0.0,0.011124858590155128
beats_baseline_on,,11.0
best_variant_on,7.0,11.0
beats_buy_hold_on,1.0,2.0
median_calmar,0.09732080491513781,0.07600326423141712
median_cagr,0.010123426488045983,0.008340985420116742
median_max_drawdown,-0.10368757432165576,-0.08747617722828904
median_trades,103.0,99.0
median_time_in_market,0.5404492148678195,0.522361359570662
median_train_sharpe,0.836909016843546,0.790187061608786
median_test_sharpe,0.3313805898063146,0.3222323535789675
