ticker,Regime stop width,Fixed stop width,Buy & hold,best_variant
SPY,0.36859263175531626,0.5977967201809644,0.6278340393110905,Fixed stop width
QQQ,0.393373378183755,0.2598384785499174,0.7610928621313955,Regime stop width
IWM,0.09958673306466945,0.10778225014923594,0.4405411153601728,Fixed stop width
AAPL,1.0721908828223952,1.307269103094845,0.915865570603582,Fixed stop width
MSFT,0.32834834780866073,0.4196629675252793,0.7302382396177871,Fixed stop width
AMZN,0.6738057588366361,0.7498954167120333,0.7927471033354327,Fixed stop width
NVDA,0.7754096475760957,0.8082116956020836,0.9041762724929643,Fixed stop width
GOOGL,0.5297502364086604,0.5438044365044041,0.782821321787895,Fixed stop width
GE,0.204451549360751,0.20645177935518916,0.3291216536608403,Fixed stop width
INTC,-0.046182097964679966,0.15775137897487643,0.3051245336652752,Fixed stop width
XOM,-0.05573521363278953,0.0025650608529076166,0.39691306468181037,Fixed stop width
JNJ,0.39862942326802936,0.35737564422831664,0.6039080521035999,Regime stop width
KO,0.37580979780718027,0.3599995490226592,0.5934419107888868,Regime stop width
PFE,0.30207085181933585,0.24610548838972465,0.3201324487787746,Regime stop width
IBM,0.36235261358994447,0.26342511352880205,0.5330970649393298,Regime stop width
C,0.07449677720345621,0.22033803452656137,0.14349801747608212,Fixed stop width
WMT,0.5673518475591559,0.38875756663235933,0.6833387923398787,Regime stop width
JPM,0.26537964974120887,0.14798071270604057,0.5372183106327132,Regime stop width
