,Regime stop width,Ensemble,Crash filter,Trailing stop,Regime entry gate,Weekly filter
SPY,-0.20600870127909243,-0.1781473829394955,0.08829763562977816,-0.21904831068559516,-0.3005110580755409,-0.48556419305938503
QQQ,-0.10931806267889616,-0.07062129609820639,0.023815074580194717,-0.24117157350342094,-0.25842095732484927,-0.4245154793899574
IWM,-0.0656309673406831,-0.20087875334035274,-0.01113434654296638,-0.1909928287741567,-0.15396850797672226,-0.5378475327873589
AAPL,0.07871152860528119,-0.26960708350311524,0.08570507087271773,0.08072324969331934,-0.2298756504445586,-0.5174359423888479
MSFT,-0.057551972484414904,-0.04510821708625118,-0.04684863513611315,-0.17558746964998934,-0.02894902542138017,-0.1755516471420609
AMZN,0.033564712687207954,0.09024415160547383,0.03079561327492697,-0.04310978470409654,-0.2957507097077924,-0.3567611460704939
NVDA,0.04538972849461553,0.0885174607903404,-0.11517534246317107,0.06912355353688104,-0.08594367592296936,-0.23593856905388977
GOOGL,0.010012847916822831,0.009622524884992267,-0.030841940088914888,-0.1600345654489529,-0.06532713970350851,-0.3653523813645059
GE,-0.00840197543966803,0.06470847862379436,-0.12129054609796835,-0.11540103237634847,-0.24024490314822666,-0.4053031068784609
INTC,-0.023322810475912503,0.009792091867805067,-0.08700768577418878,0.012954063416182028,0.07965349347722296,0.14410203120974924
XOM,0.126177759495341,-0.21348619291411608,-0.0019656272062881994,-0.027346532269997517,0.03191335081636938,0.12357967555786149
JNJ,0.08961523461278537,-0.06344469944414699,0.08932716511128319,0.16453703537701203,0.18066310228579685,-0.05174669715292601
KO,-0.1577402598540194,-0.013197843710667817,0.0020009857493979988,-0.06731427103794901,-0.021436855062391874,-0.05040161506278673
PFE,-0.06304163426662052,0.008504862562255577,-0.0055067430104369375,0.14348052729944308,0.07166128500199315,-0.050534840961651326
IBM,-0.11036451292404909,-0.084821473891912,-0.0822319504918283,-0.06791784158090419,0.022707340575841034,-0.10506672641923168
C,-0.04854524862221063,-0.13512010551853668,0.03432189226224985,-0.1237901994608879,-0.17611156461204822,-0.14577504407387565
WMT,0.138210695289799,0.2524704282060771,0.03717134468864003,0.04568481175199046,-0.3702838204187146,-0.4495611556770445
JPM,0.014895488205805163,-0.0977802450232226,0.02374737069875793,-0.02027162009367464,-0.014344330550344009,-0.09133435640098686
