ticker,group,oos_from,sharpe,bh_sharpe,sharpe_diff,cagr,bh_cagr,max_drawdown,bh_max_drawdown,calmar,bh_calmar,trades,win_rate,profit_factor,time_in_market,train_sharpe,test_sharpe
SPY,Index ETF,2006,0.36859263175531626,0.6278340393110905,-0.25924140755577424,0.009615660227974887,0.10818867032308388,-0.09673919938314868,-0.551894396530612,0.0993977652212188,0.19603147088137352,107.0,0.514018691588785,1.5722960018864665,0.6149870801033591,0.9856331580285269,0.3906710911646437
QQQ,Index ETF,2006,0.393373378183755,0.7610928621313955,-0.3677194839476405,0.01091903538644301,0.15350917552883292,-0.06866970883615964,-0.5340404157193264,0.15900803384058237,0.28744861064880933,108.0,0.49074074074074076,1.582517101509006,0.616577221228384,0.9484991688618247,0.4297141617364292
IWM,Index ETF,2006,0.09958673306466945,0.4405411153601728,-0.34095438229550334,0.0024468052958515063,0.08075777283753305,-0.09925979603970148,-0.5863997026250047,0.024650517062042365,0.1377179634914935,112.0,0.4375,1.1263352654011305,0.5674816139932419,0.6483512765847781,0.11661996241104403
AAPL,Mega-cap winner,2006,1.0721908828223952,0.915865570603582,0.15632531221881318,0.033212706089069455,0.27124698317637663,-0.05146492191057639,-0.6086675450532117,0.6453464778743601,0.4456406216839824,101.0,0.5346534653465347,2.8808884789263716,0.4714768435698668,1.662033707040051,0.9669936134914371
MSFT,Mega-cap winner,2006,0.32834834780866073,0.7302382396177871,-0.4018898918091264,0.01063119274811708,0.1766428663960311,-0.12396390897497278,-0.579419421208479,0.0857603865191394,0.3048618322589394,101.0,0.42574257425742573,1.5012469906726764,0.5517789703836216,0.9827676525889792,0.25971499652327
AMZN,Mega-cap winner,2006,0.6738057588366361,0.7927471033354327,-0.11894134449879668,0.02530645737375381,0.25714324460955673,-0.08505136086340792,-0.6525490876953781,0.2975432387777529,0.39405961859162986,116.0,0.5258620689655172,2.354730980534241,0.5756310872589943,0.9934810629959253,0.5284018297445064
NVDA,Mega-cap winner,2006,0.7754096475760957,0.9041762724929643,-0.12876662491686863,0.029707960708883263,0.3814066803547178,-0.06337893497982094,-0.8507840941032901,0.4687355620340087,0.44830020095370143,91.0,0.5054945054945055,2.9419971355790318,0.5613198171337707,1.0116719740352427,0.6316733240173741
GOOGL,Mega-cap winner,2008,0.5297502364086604,0.782821321787895,-0.2530710853792346,0.018126107210471698,0.20440749564664906,-0.08339599602706216,-0.4833634691788279,0.21734984980081948,0.42288569302498386,100.0,0.45,1.8251450410670214,0.5989476092427363,1.0361448718006188,0.6061682534395442
GE,2002 large cap,2006,0.204451549360751,0.3291216536608403,-0.12467010430008929,0.005516372304801287,0.05561808767739995,-0.10811535260361005,-0.826993589141489,0.051023024685738216,0.06725334804002252,100.0,0.4,1.2613944556091614,0.4706817730073544,0.5651797406083168,-0.07971851792806221
INTC,2002 large cap,2006,-0.046182097964679966,0.3051245336652752,-0.3513066316299552,-0.002352709106833384,0.046135694925015125,-0.2079184384622872,-0.7079731977861445,-0.011315538555567425,0.06516587784577574,123.0,0.35772357723577236,0.9487704810912169,0.5422381236334725,0.6588053690006549,0.008292496863825964
XOM,2002 large cap,2006,-0.05573521363278953,0.39691306468181037,-0.4526482783145999,-0.002138481862581143,0.07263428953423334,-0.1658482635212345,-0.6239596207588967,-0.012894207133542529,0.11640863786328227,105.0,0.3904761904761905,0.9467860908970104,0.48340290200755315,0.7044780451785121,-0.08573821179406962
JNJ,2002 large cap,2006,0.39862942326802936,0.6039080521035999,-0.20527862883557052,0.011290491177861295,0.0937434523334797,-0.11854300111681626,-0.3439914033823471,0.0952438446090568,0.27251684609479515,105.0,0.4095238095238095,1.5273323141167394,0.5344861856489763,1.0011482660216025,0.36143530475771274
KO,2002 large cap,2006,0.37580979780718027,0.5934419107888868,-0.21763211298170648,0.00902865405847475,0.09626969819747266,-0.09035058443952282,-0.4059536551650036,0.09992911628057238,0.23714455325779235,82.0,0.4634146341463415,1.603504927410821,0.5386603061021665,0.8552285802057163,0.37083310433848926
PFE,2002 large cap,2006,0.30207085181933585,0.3201324487787746,-0.018061596959438764,0.009367819066878447,0.048637780514136475,-0.12038399796037158,-0.589619897846938,0.0778161485379658,0.0824900595989767,95.0,0.4105263157894737,1.4987387457069006,0.43410852713178294,0.738229104595855,0.08890745936480753
IBM,2002 large cap,2006,0.36235261358994447,0.5330970649393298,-0.17074445134938537,0.013020442986950043,0.10220269386904546,-0.11478680266646224,-0.44290744776813484,0.11343153293313467,0.23075406472403526,105.0,0.4666666666666667,1.5981613180233543,0.41005764261578215,0.8185894534813756,0.3013258748549164
C,2002 large cap,2006,0.07449677720345621,0.14349801747608212,-0.06900124027262591,0.0017513596373259777,-0.048828102260586204,-0.12479230963580124,-0.9800024429853447,0.01403419523556551,-0.04982446993891463,101.0,0.36633663366336633,1.0961567158506738,0.4702842377260982,0.5764879096928883,-0.08076908875945497
WMT,2002 large cap,2006,0.5673518475591559,0.6833387923398787,-0.1159869447807228,0.01895006714327252,0.12661249158674415,-0.08253961137175281,-0.36435191813431744,0.22958754988465724,0.3475005490160992,99.0,0.47474747474747475,2.1151587774927916,0.5990856688531108,0.6169324591616763,0.47982884233289314
JPM,2002 large cap,2006,0.26537964974120887,0.5372183106327132,-0.2718386608915043,0.008542542486933868,0.13905765649421653,-0.12373697544253681,-0.6814822858781941,0.0690379125268098,0.20405175508710321,120.0,0.4083333333333333,1.34525775413104,0.5183860067580998,0.7838660768545755,0.24931035313414926
